eventId,subEventName,tags,playerId,positions,matchId,eventName,teamId,matchPeriod,eventSec,subEventId,id,tagsList,pos_orig_y,pos_orig_x,pos_dest_y,pos_dest_x
8,Simple pass,[{'id': 1801}],3542,"[{'y': 61, 'x': 37}, {'y': 50, 'x': 50}]",2565548,Pass,682,1H,2.9945820000000083,85.0,180864419,[1801],61,37,50,50
8,Simple pass,[{'id': 1801}],3542,"[{'y': 61, 'x': 37}, {'y': 50, 'x': 50}]",2565548,Pass,682,1H,2.9945820000000083,85.0,180864419,[1801],100,100,50,50
8,Simple pass,[{'id': 1801}],3542,"[{'y': 61, 'x': 37}, {'y': 50, 'x': 50}]",2565548,Pass,682,1H,2.9945820000000083,85.0,180864419,[1801],100,0,50,50
8,Simple pass,[{'id': 1801}],3542,"[{'y': 61, 'x': 37}, {'y': 50, 'x': 50}]",2565548,Pass,682,1H,2.9945820000000083,85.0,180864419,[1801],0,100,50,50
8,Simple pass,[{'id': 1801}],279772,"[{'y': 61, 'x': 37}, {'y': 50, 'x': 50}]",2565548,Pass,682,2H,2.9945820000000083,85.0,180864419,[1801],51,100,50,50
8,Simple pass,[{'id': 1801}],3542,"[{'y': 61, 'x': 37}, {'y': 50, 'x': 50}]",2565548,Pass,682,2H,2.9945820000000083,85.0,180864419,[1801],0,100,51,51


